name,position,age,market_value,country_from,league_from,club_from,country_to,league_to,club_to,fee
Kai Havertz,Attacking Midfield,21,81000000,Germany,Bundesliga,Bayer 04 Leverkusen,England,Premier League,Chelsea FC,80000000
Leroy Sané,Left Winger,24,80000000,England,Premier League,Manchester City,Germany,Bundesliga,Bayern Munich,45000000
Arthur,Central Midfield,24,56000000,Spain,LaLiga,FC Barcelona,Italy,Serie A,Juventus FC,72000000
Victor Osimhen,Centre-Forward,21,40000000,France,Ligue 1,LOSC Lille,Italy,Serie A,SSC Napoli,70000000
Rúben Dias,Centre-Back,23,35000000,Portugal,Liga NOS,SL Benfica,England,Premier League,Manchester City,68000000
Timo Werner,Centre-Forward,24,64000000,Germany,Bundesliga,RB Leipzig,England,Premier League,Chelsea FC,53000000
Miralem Pjanic,Defensive Midfield,30,45000000,Italy,Serie A,Juventus FC,Spain,LaLiga,FC Barcelona,60000000
Mauro Icardi,Centre-Forward,27,60000000,Italy,Serie A,Inter Milan,France,Ligue 1,Paris Saint-Germain,50000000
Achraf Hakimi,Right Midfield,21,54000000,Spain,LaLiga,Real Madrid,Italy,Serie A,Inter Milan,40000000
Ben Chilwell,Left-Back,23,40000000,England,Premier League,Leicester City,England,Premier League,Chelsea FC,50000000
Thomas,Defensive Midfield,27,40000000,Spain,LaLiga,Atlético Madrid,England,Premier League,Arsenal FC,50000000
Nicolò Barella,Central Midfield,23,50000000,Italy,Serie A,Cagliari Calcio,Italy,Serie A,Inter Milan,25000000
Thiago,Central Midfield,29,48000000,Germany,Bundesliga,Bayern Munich,England,Premier League,Liverpool FC,22000000
Federico Chiesa,Right Winger,22,48000000,Italy,Serie A,ACF Fiorentina,Italy,Serie A,Juventus FC,10000000
Nathan Aké,Centre-Back,25,28000000,England,Championship,AFC Bournemouth,England,Premier League,Manchester City,45000000
Ferran Torres,Right Winger,20,45000000,Spain,LaLiga,Valencia CF,England,Premier League,Manchester City,23000000
Diogo Jota,Left Winger,23,28000000,England,Premier League,Wolverhampton Wanderers,England,Premier League,Liverpool FC,44000000
Donny van de Beek,Central Midfield,23,44000000,Netherlands,Eredivisie,Ajax Amsterdam,England,Premier League,Manchester United,39000000
Hakim Ziyech,Right Winger,27,40000000,Netherlands,Eredivisie,Ajax Amsterdam,England,Premier League,Chelsea FC,40000000
Fábio Silva,Centre-Forward,18,12000000,Portugal,Liga NOS,FC Porto,England,Premier League,Wolverhampton Wanderers,40000000
Giovani Lo Celso,Central Midfield,24,40000000,Spain,LaLiga,Real Betis Balompié,England,Premier League,Tottenham Hotspur,32000000
Nélson Semedo,Right-Back,26,40000000,Spain,LaLiga,FC Barcelona,England,Premier League,Wolverhampton Wanderers,30000000
Rodrigo,Centre-Forward,29,40000000,Spain,LaLiga,Valencia CF,England,Premier League,Leeds United,30000000
Alex Telles,Left-Back,27,40000000,Portugal,Liga NOS,FC Porto,England,Premier League,Manchester United,15000000
Álvaro Morata,Centre-Forward,27,36000000,England,Premier League,Chelsea FC,Spain,LaLiga,Atlético Madrid,35000000
Álvaro Morata,Centre-Forward,27,36000000,Spain,LaLiga,Atlético Madrid,Italy,Serie A,Juventus FC,10000000
Wesley Fofana,Centre-Back,19,10000000,France,Ligue 1,AS Saint-Étienne,England,Premier League,Leicester City,35000000
Sandro Tonali,Defensive Midfield,20,32000000,Italy,Serie B,Brescia Calcio,Italy,Serie A,AC Milan,10000000
Mattéo Guendouzi,Central Midfield,21,32000000,England,Premier League,Arsenal FC,Germany,Bundesliga,Hertha BSC,1000000
Ante Rebic,Left Winger,27,32000000,Germany,Bundesliga,Eintracht Frankfurt,Italy,Serie A,AC Milan,?
James Rodríguez,Attacking Midfield,29,32000000,Spain,LaLiga,Real Madrid,England,Premier League,Everton FC,Free transfer
Trincão,Right Winger,20,16000000,Portugal,Liga NOS,SC Braga,Spain,LaLiga,FC Barcelona,31000000
Ollie Watkins,Centre-Forward,24,12000000,England,Championship,Brentford FC,England,Premier League,Aston Villa,30000000
Sergio Reguilón,Left-Back,23,25000000,Spain,LaLiga,Real Madrid,England,Premier League,Tottenham Hotspur,30000000
Takefusa Kubo,Right Winger,19,30000000,Spain,LaLiga,Real Madrid,Spain,LaLiga,Villarreal CF,2000000
Lucas Torreira,Defensive Midfield,24,30000000,England,Premier League,Arsenal FC,Spain,LaLiga,Atlético Madrid,Loan
Allan,Central Midfield,29,28000000,Italy,Serie A,SSC Napoli,England,Premier League,Everton FC,25000000
Éverton,Left Winger,24,28000000,Brazil,Série A,Grêmio Foot-Ball Porto Alegrense,Portugal,Liga NOS,SL Benfica,20000000
Kevin Volland,Centre-Forward,28,28000000,Germany,Bundesliga,Bayer 04 Leverkusen,Monaco,Ligue 1,AS Monaco,15000000
Luis Suárez,Centre-Forward,33,28000000,Spain,LaLiga,FC Barcelona,Spain,LaLiga,Atlético Madrid,Free transfer
Gareth Bale,Right Winger,31,28000000,Spain,LaLiga,Real Madrid,England,Premier League,Tottenham Hotspur,Loan
Ben Godfrey,Centre-Back,22,16000000,England,Championship,Norwich City,England,Premier League,Everton FC,27000000
Jonathan David,Attacking Midfield,20,25000000,Belgium,Jupiler Pro League,KAA Gent,France,Ligue 1,LOSC Lille,27000000
Yannick Carrasco,Left Winger,27,22000000,China,Super League,Dalian Professional,Spain,LaLiga,Atlético Madrid,27000000
Patrik Schick,Centre-Forward,24,25000000,Italy,Serie A,AS Roma,Germany,Bundesliga,Bayer 04 Leverkusen,26000000
Rhian Brewster,Centre-Forward,20,5000000,England,Premier League,Liverpool FC,England,Premier League,Sheffield United,26000000
Jérémy Doku,Right Winger,18,9000000,Belgium,Jupiler Pro League,RSC Anderlecht,France,Ligue 1,Stade Rennais FC,26000000
Gabriel,Centre-Back,22,20000000,France,Ligue 1,LOSC Lille,England,Premier League,Arsenal FC,26000000
Tiemoué Bakayoko,Defensive Midfield,26,25000000,England,Premier League,Chelsea FC,Italy,Serie A,SSC Napoli,2000000
Emre Can,Defensive Midfield,26,24000000,Italy,Serie A,Juventus FC,Germany,Bundesliga,Borussia Dortmund,25000000
Mario Pasalic,Central Midfield,25,25000000,England,Premier League,Chelsea FC,Italy,Serie A,Atalanta BC,15000000
Marash Kumbulla,Centre-Back,20,25000000,Italy,Serie A,Hellas Verona,Italy,Serie A,AS Roma,3000000
Moise Kean,Centre-Forward,20,25000000,England,Premier League,Everton FC,France,Ligue 1,Paris Saint-Germain,Loan
Ryan Sessegnon,Left-Back,20,25000000,England,Premier League,Tottenham Hotspur,Germany,Bundesliga,TSG 1899 Hoffenheim,Loan
Felipe Anderson,Left Winger,27,25000000,England,Premier League,West Ham United,Portugal,Liga NOS,FC Porto,Loan
Edouard Mendy,Goalkeeper,28,7000000,France,Ligue 1,Stade Rennais FC,England,Premier League,Chelsea FC,24000000
Timothy Castagne,Right-Back,24,18000000,Italy,Serie A,Atalanta BC,England,Premier League,Leicester City,24000000
Darwin Núñez,Centre-Forward,21,10000000,Spain,LaLiga2,UD Almería,Portugal,Liga NOS,SL Benfica,24000000
Jordan Veretout,Central Midfield,27,24000000,Italy,Serie A,ACF Fiorentina,Italy,Serie A,AS Roma,16000000
André Silva,Centre-Forward,24,24000000,Italy,Serie A,AC Milan,Germany,Bundesliga,Eintracht Frankfurt,9000000
Danilo Pereira,Defensive Midfield,29,24000000,Portugal,Liga NOS,FC Porto,France,Ligue 1,Paris Saint-Germain,4000000
Thomas Meunier,Right-Back,29,24000000,France,Ligue 1,Paris Saint-Germain,Germany,Bundesliga,Borussia Dortmund,Free transfer
Ruben Loftus-Cheek,Central Midfield,24,24000000,England,Premier League,Chelsea FC,England,Premier League,Fulham FC,Loan
Jude Bellingham,Central Midfield,17,11000000,England,Championship,Birmingham City,Germany,Bundesliga,Borussia Dortmund,23000000
Cengiz Ünder,Right Winger,23,23000000,Italy,Serie A,AS Roma,England,Premier League,Leicester City,3000000
Reinier,Attacking Midfield,18,22000000,Spain,LaLiga,Real Madrid,Germany,Bundesliga,Borussia Dortmund,Loan
Willian,Right Winger,32,22000000,England,Premier League,Chelsea FC,England,Premier League,Arsenal FC,Free transfer
Jeff Reine-Adélaïde,Central Midfield,22,22000000,France,Ligue 1,Olympique Lyon,France,Ligue 1,OGC Nice,Loan
Callum Wilson,Centre-Forward,28,20000000,England,Championship,AFC Bournemouth,England,Premier League,Newcastle United,22000000
Abdoulaye Doucouré,Central Midfield,27,20000000,England,Championship,Watford FC,England,Premier League,Everton FC,22000000
Gianluca Mancini,Centre-Back,24,22000000,Italy,Serie A,Atalanta BC,Italy,Serie A,AS Roma,13000000
Saïd Benrahma,Left Winger,25,22000000,England,Championship,Brentford FC,England,Premier League,West Ham United,4000000
Ross Barkley,Central Midfield,26,21000000,England,Premier League,Chelsea FC,England,Premier League,Aston Villa,Loan
Sergiño Dest,Right-Back,19,18000000,Netherlands,Eredivisie,Ajax Amsterdam,Spain,LaLiga,FC Barcelona,21000000
Amad Diallo,Right Winger,18,-,Italy,Serie A,Atalanta BC,England,Premier League,Manchester United,21000000
Aaron Ramsdale,Goalkeeper,22,12000000,England,Championship,AFC Bournemouth,England,Premier League,Sheffield United,20000000
Wendel,Central Midfield,23,12000000,Portugal,Liga NOS,Sporting CP,Russia,Premier Liga,Zenit St. Petersburg,20000000
Lucas Paquetá,Attacking Midfield,23,20000000,Italy,Serie A,AC Milan,France,Ligue 1,Olympique Lyon,20000000
Diego Llorente,Centre-Back,27,20000000,Spain,LaLiga,Real Sociedad,England,Premier League,Leeds United,20000000
Alexander Sörloth,Centre-Forward,24,20000000,England,Premier League,Crystal Palace,Germany,Bundesliga,RB Leipzig,20000000
Simone Verdi,Attacking Midfield,28,13000000,Italy,Serie A,SSC Napoli,Italy,Serie A,Torino FC,20000000
Stefano Sensi,Central Midfield,25,20000000,Italy,Serie A,US Sassuolo,Italy,Serie A,Inter Milan,20000000
Pierre-Emile Höjbjerg,Defensive Midfield,25,20000000,England,Premier League,Southampton FC,England,Premier League,Tottenham Hotspur,16000000
Chris Smalling,Centre-Back,30,20000000,England,Premier League,Manchester United,Italy,Serie A,AS Roma,15000000
Weston McKennie,Central Midfield,22,20000000,Germany,Bundesliga,FC Schalke 04,Italy,Serie A,Juventus FC,4000000
Carlos Vinícius,Centre-Forward,25,20000000,Portugal,Liga NOS,SL Benfica,England,Premier League,Tottenham Hotspur,3000000
Ivan Rakitic,Central Midfield,32,20000000,Spain,LaLiga,FC Barcelona,Spain,LaLiga,Sevilla FC,1000000
Justin Kluivert,Left Winger,21,20000000,Italy,Serie A,AS Roma,Germany,Bundesliga,RB Leipzig,1000000
Henrikh Mkhitaryan,Attacking Midfield,31,20000000,England,Premier League,Arsenal FC,Italy,Serie A,AS Roma,Free transfer
Douglas Costa,Right Winger,30,20000000,Italy,Serie A,Juventus FC,Germany,Bundesliga,Bayern Munich,Loan
Edinson Cavani,Centre-Forward,33,20000000,France,Ligue 1,Paris Saint-Germain,England,Premier League,Manchester United,Free transfer
Gerard Deulofeu,Left Winger,26,20000000,England,Championship,Watford FC,Italy,Serie A,Udinese Calcio,Loan
Dani Parejo,Central Midfield,31,20000000,Spain,LaLiga,Valencia CF,Spain,LaLiga,Villarreal CF,Free transfer
Rayan Aït Nouri,Left-Back,19,20000000,France,Ligue 1,SCO Angers,England,Premier League,Wolverhampton Wanderers,Loan
Andrea Pinamonti,Centre-Forward,21,13000000,Italy,Serie A,Inter Milan,Italy,Serie A,Genoa CFC,19000000
Bertrand Traoré,Right Winger,25,9000000,France,Ligue 1,Olympique Lyon,England,Premier League,Aston Villa,18000000
Pedrinho,Right Winger,22,13000000,Brazil,Série A,Sport Club Corinthians Paulista,Portugal,Liga NOS,SL Benfica,18000000
Roberto Inglese,Centre-Forward,28,12000000,Italy,Serie A,SSC Napoli,Italy,Serie A,Parma Calcio 1913,18000000
Antony,Right Winger,20,18000000,Brazil,Série A,São Paulo Futebol Clube,Netherlands,Eredivisie,Ajax Amsterdam,15000000
Aleksey Miranchuk,Attacking Midfield,25,18000000,Russia,Premier Liga,Lokomotiv Moscow,Italy,Serie A,Atalanta BC,14000000
Marc Cucurella,Left Midfield,22,18000000,Spain,LaLiga,FC Barcelona,Spain,LaLiga,Getafe CF,10000000
Florentino,Defensive Midfield,21,18000000,Portugal,Liga NOS,SL Benfica,Monaco,Ligue 1,AS Monaco,1000000
Robinho,Left Winger,36,18000000,Turkey,Süper Lig,Istanbul Basaksehir FK,Brazil,Série A,Santos FC,Free transfer
Eberechi Eze,Attacking Midfield,22,9000000,England,Championship,Queens Park Rangers,England,Premier League,Crystal Palace,17000000
Hélder Costa,Right Winger,26,8000000,England,Premier League,Wolverhampton Wanderers,England,Premier League,Leeds United,17000000
Suso,Right Winger,26,17000000,Italy,Serie A,AC Milan,Spain,LaLiga,Sevilla FC,21000000
Vedat Muriqi,Centre-Forward,26,12000000,Turkey,Süper Lig,Fenerbahce SK,Italy,Serie A,SS Lazio,17000000
Christian Kouamé,Centre-Forward,22,17000000,Italy,Serie A,Genoa CFC,Italy,Serie A,ACF Fiorentina,11000000
Ryan Fraser,Left Winger,26,17000000,England,Championship,AFC Bournemouth,England,Premier League,Newcastle United,Free transfer
Emiliano Martínez,Goalkeeper,28,8000000,England,Premier League,Arsenal FC,England,Premier League,Aston Villa,17000000
Robin Koch,Centre-Back,24,17000000,Germany,Bundesliga,SC Freiburg,England,Premier League,Leeds United,13000000
Matt Doherty,Right-Back,28,16000000,England,Premier League,Wolverhampton Wanderers,England,Premier League,Tottenham Hotspur,16000000
Jamal Lewis,Left-Back,22,11000000,England,Championship,Norwich City,England,Premier League,Newcastle United,16000000
Karlan Grant,Centre-Forward,23,6000000,England,Championship,Huddersfield Town,England,Premier League,West Bromwich Albion,16000000
Pervis Estupiñán,Left-Back,22,15000000,England,Championship,Watford FC,Spain,LaLiga,Villarreal CF,16000000
Gonzalo Martínez,Attacking Midfield,27,12000000,United States,MLS,Atlanta United FC,Saudi Arabia,Professional League,Al-Nassr FC,16000000
Tomas Soucek,Defensive Midfield,25,12000000,Czech Republic,Fortuna Liga,SK Slavia Prague,England,Premier League,West Ham United,16000000
Raphinha,Right Winger,23,16000000,France,Ligue 1,Stade Rennais FC,England,Premier League,Leeds United,18000000
Luca Waldschmidt,Centre-Forward,24,16000000,Germany,Bundesliga,SC Freiburg,Portugal,Liga NOS,SL Benfica,15000000
Marc Roca,Defensive Midfield,23,16000000,Spain,LaLiga2,RCD Espanyol Barcelona,Germany,Bundesliga,Bayern Munich,9000000
Harry Wilson,Right Winger,23,16000000,England,Premier League,Liverpool FC,Wales,Championship,Cardiff City,1000000
Joachim Andersen,Centre-Back,24,16000000,France,Ligue 1,Olympique Lyon,England,Premier League,Fulham FC,1000000
Malang Sarr,Centre-Back,21,16000000,France,Ligue 1,OGC Nice,England,Premier League,Chelsea FC,Free transfer
Alexis Sánchez,Centre-Forward,31,16000000,England,Premier League,Manchester United,Italy,Serie A,Inter Milan,Free transfer
Keita Baldé,Left Winger,25,16000000,Monaco,Ligue 1,AS Monaco,Italy,Serie A,UC Sampdoria,Loan
Andreas Pereira,Attacking Midfield,24,16000000,England,Premier League,Manchester United,Italy,Serie A,SS Lazio,Loan
Malang Sarr,Centre-Back,21,16000000,England,Premier League,Chelsea FC,Portugal,Liga NOS,FC Porto,Loan
Matty Cash,Right-Back,23,4000000,England,Championship,Nottingham Forest,England,Premier League,Aston Villa,15000000
Alfred Duncan,Central Midfield,27,15000000,Italy,Serie A,US Sassuolo,Italy,Serie A,ACF Fiorentina,15000000
Serhou Guirassy,Centre-Forward,24,8000000,France,Ligue 2,Amiens SC,France,Ligue 1,Stade Rennais FC,15000000
Jhon Córdoba,Centre-Forward,27,12000000,Germany,Bundesliga,1. FC Köln,Germany,Bundesliga,Hertha BSC,15000000
Nicolás Otamendi,Centre-Back,32,14000000,England,Premier League,Manchester City,Portugal,Liga NOS,SL Benfica,15000000
Ibrahima Diallo,Defensive Midfield,21,15000000,France,Ligue 1,Stade Brest 29,England,Premier League,Southampton FC,15000000
Óscar Rodríguez,Attacking Midfield,22,15000000,Spain,LaLiga,Real Madrid,Spain,LaLiga,Sevilla FC,13000000
Giovanni Simeone,Centre-Forward,25,15000000,Italy,Serie A,ACF Fiorentina,Italy,Serie A,Cagliari Calcio,12000000
Philipp Max,Left-Back,27,15000000,Germany,Bundesliga,FC Augsburg,Netherlands,Eredivisie,PSV Eindhoven,8000000
Valentino Lazaro,Right Midfield,24,15000000,Italy,Serie A,Inter Milan,Germany,Bundesliga,Borussia Mönchengladbach,1000000
Gonzalo Higuaín,Centre-Forward,32,15000000,Italy,Serie A,Juventus FC,United States,MLS,Inter Miami CF,Free transfer
Ante Budimir,Centre-Forward,29,15000000,Spain,LaLiga2,RCD Mallorca,Spain,LaLiga,CA Osasuna,Loan
Wylan Cyprien,Central Midfield,25,14000000,France,Ligue 1,OGC Nice,Italy,Serie A,Parma Calcio 1913,1000000
Jan Vertonghen,Centre-Back,33,14000000,England,Premier League,Tottenham Hotspur,Portugal,Liga NOS,SL Benfica,Free transfer
Marko Grujic,Central Midfield,24,14000000,England,Premier League,Liverpool FC,Portugal,Liga NOS,FC Porto,Loan
Karl Toko Ekambi,Centre-Forward,28,14000000,Spain,LaLiga,Villarreal CF,France,Ligue 1,Olympique Lyon,11000000
Francis Coquelin,Defensive Midfield,29,14000000,Spain,LaLiga,Valencia CF,Spain,LaLiga,Villarreal CF,6000000
Cristian Romero,Centre-Back,22,14000000,Italy,Serie A,Juventus FC,Italy,Serie A,Atalanta BC,2000000
Jean-Clair Todibo,Centre-Back,20,14000000,Spain,LaLiga,FC Barcelona,Portugal,Liga NOS,SL Benfica,2000000
Michy Batshuayi,Centre-Forward,27,14000000,England,Premier League,Chelsea FC,England,Premier League,Crystal Palace,Loan
Grady Diangana,Left Winger,22,4000000,England,Premier League,West Ham United,England,Premier League,West Bromwich Albion,13000000
Axel Disasi,Centre-Back,22,13000000,France,Ligue 1,Stade Reims,Monaco,Ligue 1,AS Monaco,13000000
Andrea Pinamonti,Centre-Forward,21,13000000,Italy,Serie A,Genoa CFC,Italy,Serie A,Inter Milan,8000000
Arne Maier,Defensive Midfield,21,13000000,Germany,Bundesliga,Hertha BSC,Germany,Bundesliga,Arminia Bielefeld,500000
Juan Foyth,Centre-Back,22,13000000,England,Premier League,Tottenham Hotspur,Spain,LaLiga,Villarreal CF,Loan
Brahim Díaz,Attacking Midfield,21,13000000,Spain,LaLiga,Real Madrid,Italy,Serie A,AC Milan,Loan
Luca Pellegrini,Left-Back,21,13000000,Italy,Serie A,Juventus FC,Italy,Serie A,Genoa CFC,Loan
Kyle Walker-Peters,Right-Back,23,8000000,England,Premier League,Tottenham Hotspur,England,Premier League,Southampton FC,13000000
Konstantinos Tsimikas,Left-Back,24,9000000,Greece,Super League 1,Olympiacos Piraeus,England,Premier League,Liverpool FC,13000000
Marko Rog,Central Midfield,25,13000000,Italy,Serie A,SSC Napoli,Italy,Serie A,Cagliari Calcio,13000000
João Mário,Central Midfield,27,13000000,Italy,Serie A,Inter Milan,Portugal,Liga NOS,Sporting CP,Loan
Alphonse Areola,Goalkeeper,27,13000000,France,Ligue 1,Paris Saint-Germain,England,Premier League,Fulham FC,Loan
Joe Rodon,Centre-Back,22,7000000,Wales,Championship,Swansea City,England,Premier League,Tottenham Hotspur,12000000
Dejan Lovren,Centre-Back,31,12000000,England,Premier League,Liverpool FC,Russia,Premier Liga,Zenit St. Petersburg,12000000
Mohammed Salisu,Centre-Back,21,12000000,Spain,LaLiga,Real Valladolid CF,England,Premier League,Southampton FC,12000000
Martin Terrier,Left Winger,23,10000000,France,Ligue 1,Olympique Lyon,France,Ligue 1,Stade Rennais FC,12000000
Oussama Idrissi,Left Winger,24,12000000,Netherlands,Eredivisie,AZ Alkmaar,Spain,LaLiga,Sevilla FC,12000000
Davy Klaassen,Central Midfield,27,12000000,Germany,Bundesliga,SV Werder Bremen,Netherlands,Eredivisie,Ajax Amsterdam,11000000
Rolando Mandragora,Defensive Midfield,23,12000000,Italy,Serie A,Udinese Calcio,Italy,Serie A,Juventus FC,10000000
Marcos Acuña,Left-Back,28,12000000,Portugal,Liga NOS,Sporting CP,Spain,LaLiga,Sevilla FC,10000000
Habib Diallo,Centre-Forward,25,12000000,France,Ligue 1,FC Metz,France,Ligue 1,RC Strasbourg Alsace,10000000
Dudu,Right Winger,28,12000000,Brazil,Série A,Sociedade Esportiva Palmeiras,Qatar,Stars League,Al-Duhail SC,7000000
Santiago Arias,Right-Back,28,12000000,Spain,LaLiga,Atlético Madrid,Germany,Bundesliga,Bayer 04 Leverkusen,3000000
Gonçalo Paciência,Centre-Forward,26,12000000,Germany,Bundesliga,Eintracht Frankfurt,Germany,Bundesliga,FC Schalke 04,2000000
Daniele Rugani,Centre-Back,26,12000000,Italy,Serie A,Juventus FC,France,Ligue 1,Stade Rennais FC,1000000
Theo Walcott,Right Winger,31,12000000,England,Premier League,Everton FC,England,Premier League,Southampton FC,Loan
Benjamin Henrichs,Right-Back,23,12000000,Monaco,Ligue 1,AS Monaco,Germany,Bundesliga,RB Leipzig,Loan
Maxime López,Central Midfield,22,12000000,France,Ligue 1,Olympique Marseille,Italy,Serie A,US Sassuolo,Loan
Diogo Dalot,Right-Back,21,12000000,England,Premier League,Manchester United,Italy,Serie A,AC Milan,Loan
Maxime López,Central Midfield,22,12000000,France,Ligue 1,Olympique Marseille,Italy,Serie A,US Sassuolo,Loan
Theo Walcott,Right Winger,31,12000000,England,Premier League,Everton FC,England,Premier League,Southampton FC,Loan
Anthony Knockaert,Right Winger,28,6000000,England,Premier League,Brighton & Hove Albion,England,Premier League,Fulham FC,11000000
Chidera Ejuke,Left Winger,22,5000000,Netherlands,Eredivisie,SC Heerenveen,Russia,Premier Liga,CSKA Moscow,11000000
Pol Lirola,Right-Back,23,10000000,Italy,Serie A,US Sassuolo,Italy,Serie A,ACF Fiorentina,11000000
Carles Pérez,Right Winger,22,9000000,Spain,LaLiga,FC Barcelona,Italy,Serie A,AS Roma,11000000
Kevin Bonifazi,Centre-Back,24,4000000,Italy,Serie A,Torino FC,Italy,Serie B,SPAL,11000000
Adolfo Gaich,Centre-Forward,21,11000000,Argentina,Without League,Club Atlético San Lorenzo de Almagro,Russia,Premier Liga,CSKA Moscow,8000000
Maximilian Philipp,Second Striker,26,11000000,Russia,Premier Liga,Dynamo Moscow,Germany,Bundesliga,VfL Wolfsburg,2000000
Hannes Wolf,Attacking Midfield,21,11000000,Germany,Bundesliga,RB Leipzig,Germany,Bundesliga,Borussia Mönchengladbach,1000000
Tanguy Nianzou,Centre-Back,18,11000000,France,Ligue 1,Paris Saint-Germain,Germany,Bundesliga,Bayern Munich,Free transfer
Arturo Vidal,Central Midfield,33,11000000,Spain,LaLiga,FC Barcelona,Italy,Serie A,Inter Milan,Free transfer
Félix Correia,Right Winger,19,1000000,England,Premier League 2,Manchester City U23,Italy,Serie C - A,Juventus U23,10000000
Ondrej Duda,Attacking Midfield,25,10000000,Germany,Bundesliga,Hertha BSC,Germany,Bundesliga,1. FC Köln,7000000
Blaise Matuidi,Central Midfield,33,10000000,Italy,Serie A,Juventus FC,United States,MLS,Inter Miami CF,Free transfer
Pablo Moreno,Centre-Forward,18,-,Italy,Primavera 1,Juventus Primavera,England,Premier League,Manchester City,10000000
Baptiste Santamaria,Defensive Midfield,25,7000000,France,Ligue 1,SCO Angers,Germany,Bundesliga,SC Freiburg,10000000
Alfred Gomis,Goalkeeper,27,2000000,France,Ligue 1,Dijon FCO,France,Ligue 1,Stade Rennais FC,10000000
Ridle Baku,Right-Back,22,7000000,Germany,Bundesliga,1.FSV Mainz 05,Germany,Bundesliga,VfL Wolfsburg,10000000
Hee-chan Hwang,Centre-Forward,24,10000000,Austria,Bundesliga,Red Bull Salzburg,Germany,Bundesliga,RB Leipzig,9000000
Karol Linetty,Central Midfield,25,10000000,Italy,Serie A,UC Sampdoria,Italy,Serie A,Torino FC,7000000
Lucas Martínez Quarta,Centre-Back,24,10000000,Argentina,Without League,Club Atlético River Plate,Italy,Serie A,ACF Fiorentina,6000000
Mario Lemina,Defensive Midfield,27,10000000,England,Premier League,Southampton FC,England,Premier League,Fulham FC,2000000
Ademola Lookman,Left Winger,23,10000000,Germany,Bundesliga,RB Leipzig,England,Premier League,Fulham FC,2000000
Borja Mayoral,Centre-Forward,23,10000000,Spain,LaLiga,Real Madrid,Italy,Serie A,AS Roma,2000000
Alessandro Florenzi,Right-Back,29,10000000,Italy,Serie A,AS Roma,France,Ligue 1,Paris Saint-Germain,1000000
Rony Lopes,Right Winger,24,10000000,Spain,LaLiga,Sevilla FC,France,Ligue 1,OGC Nice,Loan
Mehdi Taremi,Centre-Forward,28,10000000,Portugal,Liga NOS,Rio Ave FC,Portugal,Liga NOS,FC Porto,?
Marco Benassi,Central Midfield,26,10000000,Italy,Serie A,ACF Fiorentina,Italy,Serie A,Hellas Verona,Loan
Davide Zappacosta,Right-Back,28,10000000,England,Premier League,Chelsea FC,Italy,Serie A,Genoa CFC,Loan
Eddie Salcedo,Centre-Forward,19,10000000,Italy,Serie A,Inter Milan,Italy,Serie A,Hellas Verona,Loan
Michaël Cuisance,Central Midfield,21,10000000,Germany,Bundesliga,Bayern Munich,France,Ligue 1,Olympique Marseille,Loan
Ki-Jana Hoever,Right-Back,18,3000000,England,Premier League 2,Liverpool FC U23,England,Premier League,Wolverhampton Wanderers,9000000
Ibrahim Sangaré,Defensive Midfield,22,9000000,France,Ligue 2,FC Toulouse,Netherlands,Eredivisie,PSV Eindhoven,9000000
Seko Fofana,Central Midfield,25,9000000,Italy,Serie A,Udinese Calcio,France,Ligue 1,RC Lens,8000000
Matheus Pereira,Right Winger,24,9000000,Portugal,Liga NOS,Sporting CP,England,Premier League,West Bromwich Albion,8000000
Aaron Mooy,Central Midfield,30,9000000,England,Premier League,Brighton & Hove Albion,China,Super League,Shanghai SIPG,4000000
Morgan Schneiderlin,Defensive Midfield,30,9000000,England,Premier League,Everton FC,France,Ligue 1,OGC Nice,2000000
Shane Duffy,Centre-Back,28,9000000,England,Premier League,Brighton & Hove Albion,Scotland,Premiership,Celtic FC,2000000
Alexander Nübel,Goalkeeper,24,9000000,Germany,Bundesliga,FC Schalke 04,Germany,Bundesliga,Bayern Munich,Free transfer
Adam Lallana,Attacking Midfield,32,9000000,England,Premier League,Liverpool FC,England,Premier League,Brighton & Hove Albion,Free transfer
Pedro,Right Winger,33,9000000,England,Premier League,Chelsea FC,Italy,Serie A,AS Roma,Free transfer
Kenedy,Left Winger,24,9000000,England,Premier League,Chelsea FC,Spain,LaLiga,Granada CF,Loan
Mbwana Samatta,Centre-Forward,27,9000000,England,Premier League,Aston Villa,Turkey,Süper Lig,Fenerbahce SK,Loan
Rafinha,Attacking Midfield,27,9000000,Spain,LaLiga,FC Barcelona,France,Ligue 1,Paris Saint-Germain,Free transfer
Adrian Grbic,Centre-Forward,24,2000000,France,Ligue 2,Clermont Foot 63,France,Ligue 1,FC Lorient,9000000
Mohammed Kudus,Attacking Midfield,20,9000000,Denmark,Superligaen,FC Nordsjaelland,Netherlands,Eredivisie,Ajax Amsterdam,9000000
Grégoire Defrel,Centre-Forward,29,8000000,Italy,Serie A,AS Roma,Italy,Serie A,US Sassuolo,9000000
Vlad Chiriches,Centre-Back,30,5000000,Italy,Serie A,SSC Napoli,Italy,Serie A,US Sassuolo,9000000
Adrian Grbic,Centre-Forward,24,2000000,France,Ligue 2,Clermont Foot 63,France,Ligue 1,FC Lorient,9000000
Vlad Chiriches,Centre-Back,30,5000000,Italy,Serie A,SSC Napoli,Italy,Serie A,US Sassuolo,9000000
Bouna Sarr,Right-Back,28,9000000,France,Ligue 1,Olympique Marseille,Germany,Bundesliga,Bayern Munich,8000000
Tiquinho Soares,Centre-Forward,29,9000000,Portugal,Liga NOS,FC Porto,China,Super League,Tianjin Teda,5000000
Dalbert,Left-Back,27,9000000,Italy,Serie A,Inter Milan,France,Ligue 1,Stade Rennais FC,2000000
Rúben Vinagre,Left-Back,21,9000000,England,Premier League,Wolverhampton Wanderers,Greece,Super League 1,Olympiacos Piraeus,1000000
Sebastiano Esposito,Centre-Forward,18,9000000,Italy,Serie A,Inter Milan,Italy,Serie B,SPAL,Loan
Pedro Porro,Right-Back,21,9000000,England,Premier League,Manchester City,Portugal,Liga NOS,Sporting CP,Loan
Bryan Gil,Left Winger,19,9000000,Spain,LaLiga,Sevilla FC,Spain,LaLiga,SD Eibar,Loan
Ethan Ampadu,Centre-Back,20,9000000,England,Premier League,Chelsea FC,England,Premier League,Sheffield United,Loan
Roberto Pereyra,Attacking Midfield,29,9000000,England,Championship,Watford FC,Italy,Serie A,Udinese Calcio,?
Jeff Hendrick,Central Midfield,28,9000000,England,Premier League,Burnley FC,England,Premier League,Newcastle United,Free transfer
Giuliano,Attacking Midfield,30,9000000,Saudi Arabia,Professional League,Al-Nassr FC,Turkey,Süper Lig,Istanbul Basaksehir FK,Free transfer
Nikola Moro,Defensive Midfield,22,6000000,Croatia,1.HNL,GNK Dinamo Zagreb,Russia,Premier Liga,Dynamo Moscow,8000000
Facundo Pellistri,Right Winger,18,1000000,Uruguay,Torneo Intermedio,CA Peñarol,England,Premier League,Manchester United,8000000
Karim Rekik,Centre-Back,25,8000000,Germany,Bundesliga,Hertha BSC,Spain,LaLiga,Sevilla FC,2000000
Guus Til,Attacking Midfield,22,8000000,Russia,Premier Liga,Spartak Moscow,Germany,Bundesliga,SC Freiburg,450000
Caio Henrique,Left-Back,23,1000000,Spain,LaLiga,Atlético Madrid,Monaco,Ligue 1,AS Monaco,8000000
Yann Karamoh,Right Winger,22,7000000,Italy,Serie A,Inter Milan,Italy,Serie A,Parma Calcio 1913,8000000
Terem Moffi,Centre-Forward,21,3000000,Belgium,Jupiler Pro League,KV Kortrijk,France,Ligue 1,FC Lorient,8000000
Pablo Marí,Centre-Back,27,4000000,Brazil,Série A,Clube de Regatas do Flamengo,England,Premier League,Arsenal FC,8000000
Robson Bambu,Centre-Back,22,800000,Brazil,Série A,Club Athletico Paranaense,France,Ligue 1,OGC Nice,8000000
Abel Ruiz,Centre-Forward,20,4000000,Spain,2ª B - Grupo III,FC Barcelona B,Portugal,Liga NOS,SC Braga,8000000
Mohamed Fares,Left Midfield,24,7000000,Italy,Serie B,SPAL,Italy,Serie A,SS Lazio,8000000
Bruno Fuchs,Centre-Back,21,1000000,Brazil,Série A,Sport Club Internacional,Russia,Premier Liga,CSKA Moscow,8000000
